Date,Close,Open,High,Low,Volume
2014-04-15,15.35,17.9,17.92,15.15,3530000.0
2014-04-16,15.62,15.35,16.09,15.21,266490.0
2014-04-17,16.25,15.95,16.55,15.71,262050.0
2014-04-21,16.1,16.59,16.59,16.01,77900.0
2014-04-22,15.98,16.2,16.69,15.76,96100.0
2014-04-23,16.07,15.82,16.18,15.8,56540.0
2014-04-24,15.75,16.28,16.3,15.75,42800.0
2014-04-25,15.3,15.75,15.75,15.25,71590.0
2014-04-28,14.97,15.43,15.66,14.51,197460.0
2014-04-29,15.28,15.01,15.45,15.01,68530.0
2014-04-30,15.41,15.17,15.51,15.06,53560.0
2014-05-01,15.67,15.29,15.9,15.29,39870.0
2014-05-02,15.8,15.69,16.06,15.69,22280.0
2014-05-05,15.68,15.69,15.99,15.68,13250.0
2014-05-06,15.31,15.63,15.63,15.25,31910.0
2014-05-07,15.05,15.26,15.29,14.95,92610.0
2014-05-08,15.18,15.25,15.33,15.18,18610.0
2014-05-09,14.51,15.12,15.17,14.12,76000.0
2014-05-12,14.09,14.73,14.87,14.09,111200.0
2014-05-13,13.87,14.57,14.87,13.68,90790.0
2014-05-14,14.07,14.15,14.29,13.91,105630.0
2014-05-15,14.29,14.0,14.31,13.61,110500.0
2014-05-16,13.81,14.29,14.68,13.57,119710.0
2014-05-19,13.24,13.85,13.85,13.1,202530.0
2014-05-20,14.0,13.5,14.3,13.37,141140.0
2014-05-21,14.0,14.25,14.25,13.87,47360.0
2014-05-22,15.38,13.91,15.61,13.85,85260.0
2014-05-23,14.53,15.35,15.35,14.31,352730.0
2014-05-27,14.03,14.57,14.81,13.76,68070.0
2014-05-28,13.25,14.08,14.08,13.12,244020.0
2014-05-29,13.48,13.45,13.82,13.43,64599.99999999999
2014-05-30,13.35,13.41,13.53,13.24,76150.0
2014-06-02,13.54,13.49,13.83,13.18,47630.0
2014-06-03,14.03,13.74,14.11,13.43,84770.0
2014-06-04,14.3,14.0,14.44,13.59,73730.0
2014-06-05,14.17,13.01,14.43,13.01,67640.0
2014-06-06,14.45,14.33,14.5,13.89,42500.0
2014-06-09,14.64,14.45,14.67,14.19,104540.0
2014-06-10,14.43,14.65,14.67,14.35,59670.0
2014-06-11,14.46,14.35,14.54,14.25,24910.0
2014-06-12,13.97,14.46,14.47,13.91,120450.0
2014-06-13,14.0,14.07,14.07,13.4,65099.99999999999
2014-06-16,14.44,14.57,14.61,14.25,106840.0
2014-06-17,14.0,14.34,14.38,13.45,98200.0
2014-06-18,14.17,13.79,14.39,13.72,78430.0
2014-06-19,14.29,14.13,14.3,14.12,55050.0
2014-06-20,14.12,14.36,14.71,14.12,186910.0
2014-06-23,14.64,14.2,14.65,14.09,58640.0
2014-06-24,14.7,14.56,15.0,14.5,130310.0
2014-06-25,14.72,14.65,14.74,14.17,59160.0
2014-06-26,14.72,14.68,15.16,14.56,91890.0
2014-06-27,13.98,14.84,15.22,13.98,767330.0
2014-06-30,14.59,14.27,14.66,13.91,169490.0
2014-07-01,14.6,14.62,14.74,14.16,56090.0
2014-07-02,14.25,14.54,14.57,14.2,52420.0
2014-07-03,14.68,14.27,14.72,14.27,23270.0
2014-07-07,14.02,14.55,14.66,14.01,65780.0
2014-07-08,13.43,14.0,14.13,13.38,113910.0
2014-07-09,13.42,13.44,13.61,13.28,53600.0
2014-07-10,13.3,13.25,13.44,13.25,83570.0
2014-07-11,13.03,13.25,13.33,13.02,62690.0
2014-07-14,13.29,13.05,13.75,13.02,130050.00000000001
2014-07-15,12.97,13.23,13.25,12.64,87020.0
2014-07-16,12.85,13.0,13.05,12.8,91310.0
2014-07-17,12.41,12.79,13.04,12.32,79160.0
2014-07-18,12.48,12.34,12.62,12.28,24080.0
2014-07-21,12.78,12.45,12.87,12.28,37770.0
2014-07-22,12.62,12.87,12.87,12.55,19850.0
2014-07-23,12.84,12.69,12.98,12.59,17720.0
2014-07-24,13.0,12.92,13.12,12.92,95660.0
2014-07-25,13.0,13.23,13.46,12.91,142530.0
2014-07-28,12.96,12.95,13.04,12.75,53960.0
2014-07-29,12.88,13.06,13.09,12.79,34720.0
2014-07-30,13.0,13.1,13.1,12.84,56480.0
2014-07-31,12.78,12.91,13.0,12.65,41650.0
2014-08-01,12.65,12.84,12.9,12.35,61440.0
2014-08-04,12.69,12.77,12.77,12.5,48930.0
2014-08-05,12.49,12.61,12.65,12.48,57740.0
2014-08-06,13.83,13.07,14.08,12.9,208330.0
2014-08-07,13.82,13.94,14.02,13.75,53980.0
2014-08-08,13.58,13.86,13.97,13.26,114220.0
2014-08-11,13.91,13.7,13.92,13.65,41400.0
2014-08-12,13.89,13.83,13.98,13.81,40870.0
2014-08-13,14.75,13.98,14.78,13.92,378540.0
2014-08-14,15.26,14.83,15.66,14.83,135430.0
2014-08-15,16.84,15.46,17.08,15.26,133410.0
2014-08-18,16.45,17.0,17.0,16.06,191240.0
2014-08-19,16.19,16.5,16.5,16.12,47770.0
2014-08-20,15.77,16.11,16.33,15.42,105350.0
2014-08-21,16.54,15.68,16.65,15.51,64140.0
2014-08-22,17.45,16.59,17.69,16.37,451440.0
2014-08-25,17.25,17.55,17.55,16.84,74210.0
2014-08-26,18.05,17.26,18.06,17.16,158220.0
2014-08-27,17.98,18.34,18.34,17.79,97520.0
2014-08-28,17.88,17.87,18.02,17.53,49490.0
2014-08-29,17.92,17.86,18.1,17.61,84180.0
2014-09-02,18.08,18.14,18.32,17.93,135870.0
2014-09-03,17.35,18.22,18.22,17.11,451740.0
2014-09-04,16.65,17.5,17.57,16.21,335660.0
2014-09-05,16.43,16.48,16.58,16.04,118830.0
2014-09-08,16.39,16.38,16.58,15.99,134020.0
2014-09-09,16.11,16.39,16.39,15.81,147290.0
2014-09-10,16.36,16.16,16.45,15.86,85480.0
2014-09-11,16.7,16.22,17.03,16.06,174610.0
2014-09-12,17.74,16.8,18.03,16.8,278590.0
2014-09-15,17.16,17.83,17.92,16.5,195960.0
2014-09-16,17.89,17.16,18.13,16.85,252480.0
2014-09-17,17.73,17.98,18.04,17.53,95220.0
2014-09-18,18.05,17.8,18.19,17.03,188760.0
2014-09-19,18.99,18.08,19.24,17.46,561560.0
2014-09-22,18.28,18.85,19.14,17.54,398770.0
2014-09-23,18.3,18.29,18.77,17.9,307900.0
2014-09-24,18.42,18.5,18.59,17.67,187220.0
2014-09-25,16.99,18.31,18.31,16.82,109510.0
2014-09-26,17.22,17.0,17.51,17.0,68880.0
2014-09-29,16.91,17.1,17.22,16.8,150370.0
2014-09-30,16.56,16.95,17.03,16.31,188690.0
2014-10-01,16.1,16.21,16.62,16.0,149150.0
2014-10-02,16.3,16.02,16.33,15.74,140880.0
2014-10-03,16.57,16.48,16.83,16.4,91640.0
2014-10-06,16.15,16.63,16.64,16.01,62560.0
2014-10-07,15.76,16.0,16.11,15.47,171630.0
2014-10-08,15.68,15.7,15.93,15.59,112420.0
2014-10-09,14.88,15.64,15.68,14.32,238390.0
2014-10-10,14.88,14.75,15.59,14.68,194520.0
2014-10-13,14.98,14.95,15.21,14.79,283910.0
2014-10-14,15.04,15.08,15.4,14.87,216440.0
2014-10-15,16.26,15.05,16.35,14.85,258170.00000000003
2014-10-16,16.76,16.05,16.79,16.0,100570.0
2014-10-17,16.43,17.02,17.02,16.39,48590.0
2014-10-20,16.34,16.33,16.44,16.17,37100.0
2014-10-21,16.67,16.22,16.82,16.22,118380.0
2014-10-22,16.48,16.67,16.73,16.38,71410.0
2014-10-23,16.53,16.55,16.89,16.38,68720.0
2014-10-24,16.51,16.6,16.65,16.32,39600.0
2014-10-27,16.57,16.47,16.8,16.34,46930.0
2014-10-28,16.91,16.6,17.32,16.6,97740.0
2014-10-29,16.77,16.95,17.13,16.68,65920.0
2014-10-30,17.43,16.79,17.47,16.74,94200.0
2014-10-31,17.75,17.8,17.88,17.54,55630.0
2014-11-03,17.68,17.82,17.92,17.6,49850.0
2014-11-04,17.73,17.68,18.08,17.58,145540.0
2014-11-05,21.15,18.62,22.11,18.62,677790.0
2014-11-06,21.59,21.26,22.49,21.0,252990.0
2014-11-07,21.42,21.52,21.65,21.09,133340.0
2014-11-10,22.07,21.44,22.08,21.16,222730.0
2014-11-11,22.5,22.22,23.37,22.18,248600.0
2014-11-12,22.35,22.19,22.78,22.13,93970.0
2014-11-13,22.6,22.35,23.33,22.22,92130.0
2014-11-14,23.69,22.73,23.78,22.31,174460.0
2014-11-17,24.85,23.84,25.46,23.55,421020.0
2014-11-18,24.84,25.1,25.1,24.71,246270.0
2014-11-19,25.69,24.96,26.33,24.61,154300.0
2014-11-20,26.1,25.65,26.29,25.54,121790.0
2014-11-21,26.93,26.56,27.72,26.07,202160.0
2014-11-24,27.47,27.17,28.41,27.17,250670.0
2014-11-25,27.68,27.58,27.79,26.5,320570.0
2014-11-26,28.29,27.94,28.73,27.54,188920.0
2014-11-28,28.75,28.45,29.42,28.31,114490.0
2014-12-01,28.38,28.83,29.13,28.0,115680.0
2014-12-02,27.6,28.86,29.26,26.93,296410.0
2014-12-03,26.92,26.81,27.0,25.76,226680.0
2014-12-04,27.27,26.81,27.96,26.11,131100.0
2014-12-05,27.33,27.11,27.59,27.11,63040.0
2014-12-08,26.42,27.35,27.51,26.29,86490.0
2014-12-09,27.39,26.0,27.44,25.25,114050.0
2014-12-10,26.59,27.24,27.45,26.17,72740.0
2014-12-11,25.64,26.5,27.21,25.39,109020.0
2014-12-12,24.46,25.19,25.37,23.8,149370.0
2014-12-15,24.24,24.44,24.75,23.48,111910.0
2014-12-16,26.59,23.99,26.88,23.88,174030.0
2014-12-17,27.31,26.63,27.4,26.11,107560.0
2014-12-18,27.58,27.5,28.14,26.87,128030.0
2014-12-19,27.21,27.58,27.58,27.07,80190.0
2014-12-22,28.43,27.35,28.84,27.18,101530.0
2014-12-23,27.37,28.5,28.5,26.75,69090.0
2014-12-24,26.49,27.21,27.21,26.01,57300.0
2014-12-26,26.68,26.58,27.11,26.33,105020.0
2014-12-29,26.24,26.6,26.81,25.59,63210.0
2014-12-30,26.07,26.1,26.59,25.84,37840.0
2014-12-31,26.33,26.18,26.98,26.0,62050.0
2015-01-02,26.06,26.29,26.47,25.62,87590.0
2015-01-05,25.18,25.95,25.95,25.08,58710.0
2015-01-06,24.56,25.28,25.55,24.3,89890.0
2015-01-07,25.34,24.62,25.48,24.5,77330.0
2015-01-08,26.42,25.81,27.0,25.67,173180.0
2015-01-09,25.43,26.72,26.95,25.18,111800.0
2015-01-12,24.68,24.85,25.27,24.07,239100.0
2015-01-13,23.61,24.52,24.69,23.16,431580.0
2015-01-14,23.18,23.15,24.37,22.76,544600.0
2015-01-15,23.61,23.92,24.5,23.25,2860000.0
2015-01-16,23.49,23.5,23.9,23.06,254600.0
2015-01-20,23.24,23.5,23.59,22.58,215800.0
2015-01-21,25.26,23.89,25.84,23.4,429770.0
2015-01-22,26.28,25.35,26.38,24.57,415700.0
2015-01-23,27.04,26.12,28.23,26.12,697710.0
2015-01-26,27.41,27.22,28.13,26.6,506710.0
2015-01-27,28.12,27.36,28.72,26.78,588550.0
2015-01-28,28.76,28.47,30.2,27.81,1550000.0
2015-01-29,27.4,28.94,29.37,26.24,797900.0
2015-01-30,26.17,27.27,27.78,25.13,851870.0
2015-02-02,26.09,26.07,27.1,25.28,567570.0
2015-02-03,27.58,26.1,27.81,26.0,463380.0
2015-02-04,27.08,27.21,27.94,26.83,197550.0
2015-02-05,28.0,27.09,28.41,27.09,465830.0
2015-02-06,28.05,28.01,28.6,27.42,280060.0
2015-02-09,29.76,27.79,30.32,27.66,1270000.0
2015-02-10,31.7,30.3,32.39,28.41,1180000.0
2015-02-11,31.45,34.13,34.7,28.81,1900000.0
2015-02-12,33.08,31.8,33.7,31.05,777040.0
2015-02-13,32.37,32.78,34.07,31.73,468470.0
2015-02-17,33.56,32.37,33.98,31.43,683370.0
2015-02-18,32.63,33.6,33.69,32.2,376170.0
2015-02-19,33.39,32.6,35.12,32.6,713610.0
2015-02-20,33.77,33.2,34.03,32.8,337570.0
2015-02-23,32.91,33.78,34.06,32.2,418330.0
2015-02-24,33.19,33.01,33.62,32.39,345770.0
2015-02-25,32.94,33.05,33.29,32.32,238960.0
2015-02-26,32.84,32.98,33.09,32.14,440570.0
2015-02-27,31.88,32.72,33.95,31.56,729230.0
2015-03-02,31.87,31.86,32.54,31.24,420170.0
2015-03-03,31.92,31.81,32.88,31.63,489690.0
2015-03-04,31.64,32.0,32.26,31.58,287870.0
2015-03-05,32.35,31.59,32.79,31.41,265340.0
2015-03-06,32.16,32.1,33.75,31.97,601290.0
2015-03-09,30.65,31.88,31.88,29.14,952790.0
2015-03-10,30.88,30.21,31.17,29.77,629850.0
2015-03-11,31.49,30.72,31.89,30.56,539550.0
2015-03-12,31.87,31.64,31.98,31.5,213030.0
2015-03-13,31.4,31.83,31.98,31.26,364680.0
2015-03-16,31.95,31.74,32.1,31.45,428760.0
2015-03-17,32.67,32.14,33.47,31.87,744000.0
2015-03-18,34.22,32.71,34.65,32.63,550990.0
2015-03-19,35.11,34.56,35.86,34.41,537060.0
2015-03-20,33.77,35.34,35.73,33.7,958210.0
2015-03-23,33.19,33.77,34.1,32.55,408710.0
2015-03-24,31.62,32.75,33.06,31.56,513270.0
2015-03-25,30.47,31.62,31.9,30.3,352660.0
2015-03-26,31.83,30.23,32.21,29.52,379360.0
2015-03-27,31.84,31.77,32.06,31.36,206950.0
2015-03-30,32.09,32.01,32.48,32.01,174320.0
2015-03-31,32.06,31.81,32.39,31.76,255990.0
2015-04-01,31.66,32.12,32.12,31.08,185010.0
2015-04-02,31.5,31.75,32.12,31.3,156470.0
2015-04-06,31.97,31.4,32.33,31.33,162570.0
2015-04-07,32.36,32.06,32.75,31.96,220210.0
2015-04-08,32.28,32.49,32.88,32.06,129000.0
2015-04-09,31.97,32.1,32.28,31.18,249500.0
2015-04-10,31.77,32.0,32.26,31.55,178690.0
2015-04-13,31.47,31.79,31.96,31.4,141890.0
2015-04-14,30.49,31.53,31.69,30.09,267750.0
2015-04-15,31.1,30.74,31.22,30.52,158310.0
2015-04-16,30.82,30.9,31.17,30.52,158410.0
2015-04-17,30.11,30.43,30.62,29.36,305890.0
2015-04-20,32.2,30.54,32.6,30.2,378000.0
2015-04-21,33.11,32.62,33.33,32.4,299370.0
2015-04-22,32.95,33.42,33.98,32.83,293510.0
2015-04-23,33.05,33.08,33.36,32.54,166940.0
2015-04-24,32.91,33.33,33.33,32.32,157920.0
2015-04-27,32.21,33.39,33.59,32.15,247860.0
2015-04-28,32.91,32.25,33.48,31.6,230330.0
2015-04-29,32.38,32.8,33.16,32.1,161670.0
2015-04-30,31.61,32.32,32.64,31.21,188640.0
2015-05-01,31.93,31.92,32.53,31.07,272980.0
2015-05-04,32.96,32.06,33.44,32.04,525400.0
2015-05-05,31.33,32.74,32.74,30.84,319800.0
2015-05-06,33.05,31.3,33.99,30.85,835430.0
2015-05-07,35.33,33.56,35.58,31.53,2060000.0
2015-05-08,35.7,35.72,37.7,35.0,1440000.0
2015-05-11,38.29,36.06,38.41,35.98,867620.0
2015-05-12,38.95,38.41,39.21,37.12,550050.0
2015-05-13,38.15,39.01,39.66,37.95,382380.0
2015-05-14,39.24,38.63,39.75,38.03,435540.0
2015-05-15,35.29,36.64,36.65,35.03,3560000.0
2015-05-18,35.35,35.47,35.86,35.33,895160.0
2015-05-19,35.67,35.52,35.84,34.55,759670.0
2015-05-20,35.8,35.6,36.3,35.39,680420.0
2015-05-21,36.21,35.86,36.66,35.86,530130.0
2015-05-22,35.67,36.24,36.45,35.58,570140.0
2015-05-26,35.17,35.68,35.72,34.28,620350.0
2015-05-27,35.19,35.22,35.36,34.63,436770.0
2015-05-28,34.71,35.22,35.35,34.16,369550.0
2015-05-29,34.76,34.63,34.99,33.85,662860.0
2015-06-01,34.75,34.99,35.56,34.18,639330.0
2015-06-02,35.38,34.5,36.23,34.27,684020.0
2015-06-03,35.33,35.38,35.54,34.8,338310.0
2015-06-04,35.23,35.0,36.0,34.92,318220.0
2015-06-05,35.4,35.29,35.62,34.59,491990.0
2015-06-08,36.3,36.0,36.84,35.93,768600.0
2015-06-09,36.06,36.39,36.57,34.22,752270.0
2015-06-10,36.03,36.18,36.22,35.81,404590.0
2015-06-11,35.76,36.0,36.09,35.48,189940.0
2015-06-12,35.92,35.55,36.02,35.29,293040.0
2015-06-15,36.49,35.71,36.58,35.25,500260.0
2015-06-16,38.24,36.34,38.3,36.34,1440000.0
2015-06-17,38.15,38.47,38.64,37.76,644830.0
2015-06-18,38.36,38.15,38.52,37.92,439410.0
2015-06-19,37.71,38.36,38.41,37.38,576290.0
2015-06-22,38.35,38.28,39.17,37.8,608250.0
2015-06-23,38.09,38.55,38.61,37.85,580780.0
2015-06-24,36.75,38.09,38.18,36.47,751420.0
2015-06-25,37.37,36.8,37.42,36.72,460620.0
2015-06-26,35.75,37.37,37.66,35.18,2520000.0
2015-06-29,34.38,34.88,35.35,34.13,772840.0
2015-06-30,34.15,34.79,35.03,33.3,547280.0
2015-07-01,34.48,34.57,34.95,34.3,284660.0
2015-07-02,34.03,34.63,34.63,33.54,327100.0
2015-07-06,34.47,33.4,34.5,32.69,409900.0
2015-07-07,33.52,34.41,34.75,32.92,511030.0
2015-07-08,33.33,33.06,33.91,32.81,267980.0
2015-07-09,34.2,33.81,34.63,33.58,233420.0
2015-07-10,34.46,34.59,34.76,34.29,254340.0
2015-07-13,34.56,34.56,34.88,34.22,251720.0
2015-07-14,35.1,34.37,35.42,34.37,332200.0
2015-07-15,34.82,35.1,35.27,34.41,271620.0
2015-07-16,35.12,35.02,35.18,34.43,328700.0
2015-07-17,35.07,35.12,35.37,34.7,440140.0
2015-07-20,35.73,35.25,35.73,34.73,470910.0
2015-07-21,35.56,35.73,36.18,35.12,366150.0
2015-07-22,35.72,35.4,36.05,35.23,347250.0
2015-07-23,35.95,35.89,36.98,35.89,502660.0
2015-07-24,33.75,35.92,36.32,33.65,614930.0
2015-07-27,31.6,33.47,33.47,31.32,672730.0
2015-07-28,31.27,31.84,31.93,30.25,920260.0
2015-07-29,31.96,31.27,32.05,29.8,885080.0
2015-07-30,32.22,31.85,32.5,31.13,346970.0
2015-07-31,32.0,32.13,32.43,31.64,309310.0
2015-08-03,31.44,32.01,32.98,31.39,529820.0
2015-08-04,32.05,31.48,32.25,31.27,586950.0
2015-08-05,37.85,34.0,38.45,33.95,2100000.0
2015-08-06,36.96,37.85,38.14,35.96,986080.0
2015-08-07,37.41,37.07,37.45,36.46,524610.0
2015-08-10,37.75,37.5,38.23,37.3,593860.0
2015-08-11,38.01,37.58,39.0,37.26,738260.0
2015-08-12,37.54,37.8,38.32,36.5,729180.0
2015-08-13,37.88,37.61,39.0,37.34,499530.0
2015-08-14,38.35,37.96,38.4,37.62,273410.0
2015-08-17,40.91,38.32,41.36,37.66,1890000.0
2015-08-18,40.0,41.15,41.58,39.53,897240.0
2015-08-19,40.07,40.0,40.79,39.35,614650.0
2015-08-20,38.41,39.66,39.93,38.1,739150.0
2015-08-21,37.93,36.81,38.43,36.15,1150000.0
2015-08-24,37.46,34.23,38.97,32.96,902760.0
2015-08-25,36.92,38.53,39.03,36.91,678690.0
2015-08-26,38.2,37.82,38.53,36.79,593800.0
2015-08-27,38.43,38.63,39.57,37.69,648750.0
2015-08-28,38.31,38.36,38.79,37.81,451960.0
2015-08-31,38.54,38.27,39.45,37.83,533910.0
2015-09-01,37.25,37.73,38.53,37.04,608080.0
2015-09-02,38.03,37.5,38.4,37.2,346370.0
2015-09-03,37.59,38.1,38.44,37.27,345610.0
2015-09-04,36.75,37.03,37.53,36.34,265440.0
2015-09-08,37.99,37.21,38.22,36.98,252360.0
2015-09-09,37.86,38.48,38.78,37.76,413350.0
2015-09-10,37.75,37.55,38.72,37.55,272160.0
2015-09-11,38.41,37.5,38.5,37.19,317140.0
2015-09-14,38.76,38.41,38.8,38.08,288840.0
2015-09-15,40.6,38.72,40.98,38.35,1340000.0
2015-09-16,38.0,38.45,38.88,37.31,3200000.0
2015-09-17,37.94,37.91,38.5,37.67,711410.0
2015-09-18,37.83,37.34,38.16,37.1,906450.0
2015-09-21,38.03,38.0,38.57,37.72,627900.0
2015-09-22,37.75,37.96,38.14,37.45,683020.0
2015-09-23,38.05,37.84,38.58,37.53,499850.0
2015-09-24,36.03,37.87,37.98,34.62,1110000.0
2015-09-25,34.31,36.5,36.64,34.21,1080000.0
2015-09-28,34.02,34.07,35.24,33.67,701790.0
2015-09-29,34.55,33.95,34.67,33.0,791600.0
2015-09-30,35.91,34.94,36.01,34.7,820870.0
2015-10-01,35.98,35.81,36.14,34.85,470450.0
2015-10-02,37.05,35.48,37.09,35.11,397340.0
2015-10-05,38.34,37.54,38.39,37.2,750010.0
2015-10-06,38.17,38.34,38.83,37.39,337340.0
2015-10-07,39.4,38.43,39.45,37.76,388340.0
2015-10-08,39.36,39.27,39.42,38.64,429110.0
2015-10-09,40.33,39.65,40.5,39.17,666740.0
2015-10-12,40.5,40.33,41.15,40.09,656810.0
2015-10-13,39.38,40.08,40.9,39.3,417330.0
2015-10-14,39.75,39.27,40.59,39.12,389600.0
2015-10-15,40.39,39.85,40.77,39.48,493940.0
2015-10-16,41.86,40.57,42.5,40.39,1330000.0
2015-10-19,40.84,42.15,42.44,40.18,680900.0
2015-10-20,38.57,40.84,42.66,37.63,2080000.0
2015-10-21,38.29,38.66,39.16,37.8,683020.0
2015-10-22,38.63,38.59,39.15,38.23,440180.0
2015-10-23,37.68,38.97,39.0,37.14,843230.0
2015-10-26,37.42,37.42,37.94,35.83,1040000.0
2015-10-27,36.16,37.28,37.39,36.03,868520.0
2015-10-28,38.96,36.43,39.15,35.93,1090000.0
2015-10-29,38.89,38.61,39.0,38.17,407490.0
2015-10-30,38.01,38.91,39.13,37.73,655760.0
2015-11-02,38.98,38.1,39.38,38.01,628690.0
2015-11-03,39.15,38.97,39.74,38.69,960080.0
2015-11-04,45.73,44.25,46.2,43.53,4500000.0
2015-11-05,44.3,45.88,46.35,44.05,1200000.0
2015-11-06,44.88,44.38,46.02,44.35,987180.0
2015-11-09,43.46,44.94,45.12,43.08,962340.0
2015-11-10,43.12,43.15,44.47,42.7,772130.0
2015-11-11,43.53,43.33,44.59,42.97,637070.0
2015-11-12,44.35,43.38,44.65,43.13,605030.0
2015-11-13,41.04,42.58,42.95,40.96,3880000.0
2015-11-16,41.22,41.03,42.27,40.68,1620000.0
2015-11-17,41.58,41.35,42.1,41.22,897880.0
2015-11-18,42.0,41.84,42.01,41.09,612780.0
2015-11-19,42.63,42.0,42.86,41.75,794200.0
2015-11-20,42.19,42.94,42.99,41.78,672030.0
2015-11-23,41.73,42.19,42.36,41.6,525330.0
2015-11-24,42.76,41.9,42.88,41.59,570140.0
2015-11-25,43.22,42.6,43.49,42.41,500280.0
2015-11-27,43.68,43.22,44.25,43.02,307630.0
2015-11-30,43.6,44.01,44.38,43.38,549610.0
2015-12-01,44.14,43.57,44.17,43.17,630710.0
2015-12-02,41.42,44.02,44.02,40.79,2420000.0
2015-12-03,40.11,41.6,41.97,39.54,1440000.0
2015-12-04,40.16,40.16,40.66,39.32,1030000.0
2015-12-07,39.48,39.92,40.15,39.02,646460.0
2015-12-08,39.0,38.93,39.6,38.31,598340.0
2015-12-09,37.87,38.92,39.21,37.84,758380.0
2015-12-10,38.68,37.99,39.02,37.96,664770.0
2015-12-11,37.72,38.08,38.77,37.55,554950.0
2015-12-14,37.46,37.55,38.29,37.16,515970.0
2015-12-15,38.66,37.74,39.07,37.47,560430.0
2015-12-16,38.65,38.69,38.99,37.77,475280.0
2015-12-17,37.91,38.5,39.02,37.87,257630.0
2015-12-18,37.77,37.88,38.26,37.61,520750.0
2015-12-21,38.53,38.13,38.81,37.67,797470.0
2015-12-22,38.5,38.6,38.72,37.78,582960.0
2015-12-23,39.25,38.94,39.84,38.55,884690.0
2015-12-24,38.5,39.03,39.1,38.34,179630.0
2015-12-28,38.5,38.61,38.74,37.63,278530.0
2015-12-29,38.72,38.8,38.99,38.23,379220.0
2015-12-30,38.32,38.5,38.81,38.1,327650.0
2015-12-31,37.63,38.17,38.2,37.62,399000.0
2016-01-04,35.97,37.11,37.74,35.3,780270.0
2016-01-05,34.87,36.0,36.02,34.28,949300.0
2016-01-06,34.99,34.99,35.43,34.23,1010000.0
2016-01-07,35.54,34.59,35.94,34.32,1040000.0
2016-01-08,33.26,35.69,35.73,32.98,1250000.0
2016-01-11,32.96,33.57,33.94,31.88,983760.0
2016-01-12,33.23,33.26,34.18,32.5,546240.0
2016-01-13,30.9,33.59,33.79,30.76,879850.0
2016-01-14,31.81,30.97,32.54,30.17,852020.0
2016-01-15,32.02,31.01,32.08,30.61,775190.0
2016-01-19,31.04,32.34,32.97,30.73,657310.0
2016-01-20,30.82,30.42,31.3,28.33,941430.0
2016-01-21,31.42,30.58,32.42,30.41,789280.0
2016-01-22,32.3,31.98,33.05,31.7,780030.0
2016-01-25,31.24,32.2,32.96,31.09,745580.0
2016-01-26,30.5,31.25,31.57,30.12,553590.0
2016-01-27,28.78,30.42,30.73,28.6,1000000.0
2016-01-28,29.22,28.88,29.62,28.4,826590.0
2016-01-29,30.15,29.46,30.65,29.35,635850.0
2016-02-01,31.34,29.91,31.5,29.68,755600.0
2016-02-02,30.9,30.91,31.64,30.75,935600.0
2016-02-03,30.27,31.2,31.36,29.98,592220.0
2016-02-04,30.97,30.11,31.14,29.33,706140.0
2016-02-05,26.51,30.49,30.95,26.18,1630000.0
2016-02-08,24.24,25.79,25.8,22.46,2700000.0
2016-02-09,22.5,23.66,24.78,22.42,2200000.0
2016-02-10,23.58,27.33,27.33,22.51,3210000.0
2016-02-11,24.36,23.06,24.45,22.84,1350000.0
2016-02-12,24.33,24.78,25.06,23.83,936010.0
2016-02-16,26.04,24.56,26.23,24.32,988640.0
2016-02-17,27.26,26.18,27.61,26.11,1010000.0
2016-02-18,27.81,27.76,28.14,27.21,1190000.0
2016-02-19,27.95,27.72,28.51,27.45,1040000.0
2016-02-22,29.27,28.15,29.45,28.15,877810.0
2016-02-23,29.31,29.16,29.78,28.9,804880.0
2016-02-24,30.21,29.08,30.39,28.6,844730.0
2016-02-25,30.26,30.53,31.45,29.97,730130.0
2016-02-26,31.84,30.6,32.29,30.29,759370.0
2016-02-29,31.88,31.72,32.59,31.53,565270.0
2016-03-01,33.14,32.34,33.15,32.04,746750.0
2016-03-02,33.26,33.0,33.31,32.4,469570.0
2016-03-03,32.63,33.12,33.43,32.41,694580.0
2016-03-04,32.71,32.71,33.19,31.94,462870.0
2016-03-07,33.06,32.57,33.57,32.09,636160.0
2016-03-08,31.88,32.84,33.09,31.72,973330.0
2016-03-09,32.31,32.01,32.43,31.7,557560.0
2016-03-10,31.58,32.42,32.65,31.1,384640.0
2016-03-11,32.05,31.84,32.48,31.61,352770.0
2016-03-14,32.74,31.97,32.87,31.91,247550.0
2016-03-15,31.63,32.45,32.58,31.34,348350.0
2016-03-16,32.38,31.34,32.66,31.16,235190.0
2016-03-17,33.47,32.37,33.7,32.32,421240.0
2016-03-18,33.9,33.69,34.55,33.35,730040.0
2016-03-21,34.05,33.89,34.41,33.49,434180.0
2016-03-22,33.94,33.73,34.2,33.63,194380.0
2016-03-23,33.59,33.9,33.98,33.44,603720.0
2016-03-24,33.7,33.31,33.76,32.85,533720.0
2016-03-28,34.08,33.74,34.5,33.06,403770.0
2016-03-29,35.02,33.99,35.18,33.66,283090.0
2016-03-30,35.24,35.3,35.8,34.99,388620.0
2016-03-31,35.6,35.18,35.89,34.95,352550.0
2016-04-01,35.43,35.29,35.79,34.93,389090.0
2016-04-04,35.8,35.38,36.31,35.02,302300.0
2016-04-05,34.43,35.45,35.56,34.37,493640.0
2016-04-06,35.52,34.51,35.65,34.35,517010.0
2016-04-07,34.15,35.13,35.49,33.96,473400.0
2016-04-08,34.3,34.48,34.6,33.72,263760.0
2016-04-11,33.14,34.44,34.85,33.13,327690.0
2016-04-12,33.56,33.13,33.71,32.42,496090.0
2016-04-13,34.82,33.72,34.93,33.69,296360.0
2016-04-14,35.05,34.89,35.22,34.29,271140.0
2016-04-15,34.7,35.02,35.02,33.91,388690.0
2016-04-18,35.53,34.45,35.76,34.39,424310.0
2016-04-19,36.66,35.89,38.18,35.85,727400.0
2016-04-20,36.86,36.66,37.29,36.24,357710.0
2016-04-21,37.47,37.2,37.83,36.57,652940.0
2016-04-22,37.41,37.36,37.93,37.01,293620.0
2016-04-25,36.59,37.41,37.59,36.25,469370.0
2016-04-26,37.11,36.72,37.33,36.29,671780.0
2016-04-27,37.95,37.14,38.36,36.75,438840.0
2016-04-28,38.26,37.85,38.56,37.7,585890.0
2016-04-29,38.21,38.02,38.59,37.66,550860.0
2016-05-02,38.95,38.6,38.99,37.79,705000.0
2016-05-03,38.28,38.5,38.99,37.86,898470.0
2016-05-04,40.05,40.26,41.09,38.69,2029999.9999999998
2016-05-05,38.69,40.04,40.38,38.41,619560.0
2016-05-06,37.46,37.73,38.03,36.38,1320000.0
2016-05-09,38.54,37.51,38.93,37.15,614000.0
2016-05-10,39.65,38.64,39.88,38.33,690210.0
2016-05-11,39.57,39.5,40.5,39.0,820470.0
2016-05-12,38.84,39.87,40.34,38.24,433060.0
2016-05-13,39.28,38.82,39.76,38.74,307390.0
2016-05-16,39.96,39.59,40.23,39.23,439160.0
2016-05-17,39.4,39.96,40.66,39.31,725200.0
2016-05-18,40.74,39.32,40.84,39.18,670580.0
2016-05-19,40.11,40.73,41.25,39.83,609370.0
2016-05-20,40.88,40.32,41.1,40.02,606960.0
2016-05-23,40.79,40.77,41.25,40.49,319640.0
2016-05-24,41.65,41.23,42.01,40.86,496660.0
2016-05-25,39.81,41.29,41.9,38.32,2560000.0
2016-05-26,41.25,40.75,42.6,40.55,1250000.0
2016-05-27,40.84,40.88,41.25,39.89,967770.0
2016-05-31,40.44,40.89,40.98,40.21,736950.0
2016-06-01,41.07,40.57,41.21,40.1,1480000.0
2016-06-02,41.1,41.19,41.19,40.52,736630.0
2016-06-03,40.95,40.99,41.17,39.97,710780.0
2016-06-06,40.8,41.03,41.2,40.55,539350.0
2016-06-07,41.32,40.8,41.39,40.78,524860.0
2016-06-08,41.61,41.37,41.73,41.07,459920.0
2016-06-09,41.41,41.5,41.65,41.25,340740.0
2016-06-10,41.07,40.88,41.48,40.78,485080.0
2016-06-13,41.18,41.0,42.0,40.97,753430.0
2016-06-14,41.4,40.83,41.63,40.81,498490.0
2016-06-15,42.11,41.61,42.2,41.24,613340.0
2016-06-16,41.98,42.12,42.33,41.59,528030.0
2016-06-17,41.86,42.27,42.27,41.01,621330.0
2016-06-20,42.43,42.25,42.9,42.05,536700.0
2016-06-21,42.6,42.58,42.95,42.15,488060.0
2016-06-22,41.75,42.4,42.73,41.66,407770.0
2016-06-23,43.16,42.22,43.18,41.74,563320.0
2016-06-24,40.87,40.96,41.62,40.45,2380000.0
2016-06-27,39.32,40.41,40.49,38.94,885470.0
2016-06-28,40.39,39.89,40.49,39.61,535830.0
2016-06-29,41.65,40.84,41.76,40.58,469930.0
2016-06-30,43.21,42.04,43.25,41.67,872040.0
2016-07-01,43.58,43.09,43.96,43.09,452660.0
2016-07-05,43.4,43.19,43.74,42.73,775170.0
2016-07-06,44.04,43.18,44.31,43.1,698770.0
2016-07-07,44.85,44.24,45.03,44.06,563410.0
2016-07-08,45.48,45.1,45.93,44.9,760930.0
2016-07-11,46.05,45.9,46.49,45.8,611400.0
2016-07-12,46.49,46.71,47.16,46.03,528570.0
2016-07-13,45.65,46.56,46.83,45.64,751540.0
2016-07-14,46.25,46.31,46.99,46.07,451920.0
2016-07-15,46.2,46.5,46.63,46.01,285970.0
2016-07-18,46.71,46.34,46.96,46.06,340340.0
2016-07-19,46.29,46.65,46.92,45.84,287930.0
2016-07-20,47.39,46.73,47.74,46.7,419310.0
2016-07-21,45.33,47.3,47.3,45.15,610380.0
2016-07-22,46.81,45.36,46.84,45.36,437380.0
2016-07-25,47.05,46.54,47.07,46.41,556230.0
2016-07-26,47.3,46.93,47.31,46.43,446370.0
2016-07-27,47.28,47.5,47.71,46.92,403340.0
2016-07-28,47.68,47.22,47.77,46.58,417470.0
2016-07-29,47.21,47.73,47.74,46.5,952990.0
2016-08-01,47.82,48.0,48.5,47.16,901900.0
2016-08-02,47.34,48.04,48.04,46.85,1730000.0
2016-08-03,50.99,48.89,51.07,47.46,4019999.9999999995
2016-08-04,51.29,51.13,51.39,49.84,1030000.0
2016-08-05,51.5,50.7,52.06,50.45,1210000.0
2016-08-08,50.74,51.76,51.85,50.57,726180.0
2016-08-09,50.41,50.86,51.21,49.61,818160.0
2016-08-10,50.11,50.55,50.69,49.7,693720.0
2016-08-11,50.38,50.2,50.71,50.03,339050.0
2016-08-12,50.78,50.38,50.84,49.75,402120.0
2016-08-15,51.22,51.1,51.72,50.95,584950.0
2016-08-16,50.71,51.13,51.44,50.5,413540.0
2016-08-17,49.39,50.37,50.37,48.56,1340000.0
2016-08-18,49.43,49.35,49.44,48.86,396750.0
2016-08-19,48.98,49.14,49.49,48.77,516740.0
2016-08-22,49.15,48.94,49.32,48.53,390900.0
2016-08-23,49.97,49.4,50.3,49.27,557080.0
2016-08-24,50.47,49.91,51.5,49.83,667380.0
2016-08-25,51.11,50.51,51.41,50.19,395210.0
2016-08-26,51.28,51.02,51.53,50.89,368470.0
2016-08-29,51.18,51.24,51.49,50.97,352070.0
2016-08-30,51.46,51.0,51.48,50.93,480980.0
2016-08-31,51.34,51.42,51.55,51.04,307330.0
2016-09-01,51.35,51.11,51.52,50.96,436040.0
2016-09-02,52.1,51.39,52.25,51.1,827310.0
2016-09-06,52.0,52.2,52.93,51.65,487690.0
2016-09-07,52.42,51.87,52.43,51.75,526930.0
2016-09-08,52.03,52.34,52.44,51.92,339610.0
2016-09-09,49.5,51.61,51.92,49.31,901150.0
2016-09-12,50.07,49.02,50.19,48.11,1040000.0
2016-09-13,48.13,49.89,50.55,47.18,724900.0
2016-09-14,48.07,48.38,48.71,47.78,362950.0
2016-09-15,48.84,48.08,49.18,47.78,653920.0
2016-09-16,48.56,48.81,48.92,48.38,682220.0
2016-09-19,47.16,48.75,48.81,47.06,734180.0
2016-09-20,46.52,47.25,47.54,46.48,676630.0
2016-09-21,47.92,46.71,48.01,46.5,562310.0
2016-09-22,50.24,48.28,50.34,48.06,738860.0
2016-09-23,49.99,50.31,50.91,49.91,479090.0
2016-09-26,50.43,49.81,50.68,49.75,369520.0
2016-09-27,51.08,50.28,51.46,50.28,529950.0
2016-09-28,50.47,51.0,51.11,50.01,463480.0
2016-09-29,49.99,50.47,50.47,49.62,317550.0
2016-09-30,50.13,49.71,50.45,49.65,532430.0
2016-10-03,49.91,49.87,50.18,49.45,331270.0
2016-10-04,49.34,50.2,50.2,49.01,276060.0
2016-10-05,48.83,49.43,49.71,48.73,324250.0
2016-10-06,49.91,49.12,50.04,48.42,378420.0
2016-10-07,49.64,49.58,49.97,48.79,480680.0
2016-10-10,50.51,49.71,50.61,49.63,377890.0
2016-10-11,49.33,50.37,50.41,48.93,501020.0
2016-10-12,49.65,49.37,49.9,49.17,457190.0
2016-10-13,49.93,49.06,50.19,48.46,540900.0
2016-10-14,49.7,50.0,50.58,49.61,318560.0
2016-10-17,49.82,49.64,50.15,49.4,439030.0
2016-10-18,50.01,50.43,50.5,49.62,975770.0
2016-10-19,49.14,50.1,50.46,49.09,568620.0
2016-10-20,48.75,49.0,49.12,48.11,493550.0
2016-10-21,49.97,48.5,50.04,48.46,792480.0
2016-10-24,52.44,50.37,52.58,50.06,1440000.0
2016-10-25,51.96,52.45,52.8,51.12,947840.0
2016-10-26,51.73,51.77,52.42,51.47,407280.0
2016-10-27,50.65,51.74,52.15,50.18,929880.0
2016-10-28,51.64,50.37,52.02,49.56,669270.0
2016-10-31,51.73,51.64,51.85,51.2,653150.0
2016-11-01,52.0,51.95,52.52,51.54,1310000.0
2016-11-02,43.7,42.48,45.44,40.82,8199999.999999999
2016-11-03,43.13,43.72,44.09,42.87,1760000.0
2016-11-04,42.98,42.94,43.96,42.37,1680000.0
2016-11-07,44.61,44.05,44.66,43.8,1030000.0
2016-11-08,45.68,44.5,45.98,44.21,1000000.0
2016-11-09,42.31,44.02,44.83,41.53,4380000.0
2016-11-10,39.36,42.56,43.09,39.15,2830000.0
2016-11-11,41.52,39.24,41.77,39.19,1860000.0
2016-11-14,41.77,41.91,43.0,40.67,1670000.0
2016-11-15,41.58,41.77,42.08,41.24,657810.0
2016-11-16,43.22,41.81,43.4,41.55,800170.0
2016-11-17,43.39,43.25,43.98,42.83,558300.0
2016-11-18,43.79,43.82,44.3,43.51,476630.0
2016-11-21,43.71,44.24,44.5,43.32,624350.0
2016-11-22,43.14,43.84,43.84,42.95,875490.0
2016-11-23,43.28,42.88,43.3,42.06,746390.0
2016-11-25,43.32,43.45,43.5,42.87,140690.0
2016-11-28,42.77,43.18,43.47,42.62,271790.0
2016-11-29,43.72,42.61,44.58,42.61,729020.0
2016-11-30,44.87,43.94,45.46,43.69,1310000.0
2016-12-01,42.61,45.05,45.42,41.98,1550000.0
2016-12-02,43.54,42.49,43.67,42.07,722820.0
2016-12-05,44.4,43.54,44.71,43.37,1130000.0
2016-12-06,45.94,44.5,46.17,43.89,831600.0
2016-12-07,46.71,45.98,47.04,45.06,960790.0
2016-12-08,46.84,46.77,47.6,46.43,777200.0
2016-12-09,46.92,46.99,47.57,46.75,715580.0
2016-12-12,46.03,46.96,47.33,45.68,557490.0
2016-12-13,45.5,46.2,46.72,45.23,719020.0
2016-12-14,45.36,45.4,46.0,45.0,496630.0
2016-12-15,44.69,45.36,45.6,44.31,926100.0
2016-12-16,45.92,45.22,46.24,45.01,1110000.0
2016-12-19,46.44,46.21,46.61,45.77,555490.0
2016-12-20,46.3,46.51,46.59,46.12,408160.0
2016-12-21,45.74,46.41,46.5,45.39,502140.0
2016-12-22,44.58,45.57,45.61,44.0,434210.0
2016-12-23,45.7,44.64,45.7,44.64,345800.0
2016-12-27,46.9,45.75,47.06,45.54,648290.0
2016-12-28,46.11,47.01,47.01,45.56,1030000.0
2016-12-29,46.13,46.33,46.51,45.6,577810.0
2016-12-30,45.49,46.44,46.44,45.29,516610.0
2017-01-03,46.47,46.2,46.85,45.62,697820.0
2017-01-04,47.34,46.69,47.59,46.48,771910.0
2017-01-05,47.0,47.31,47.4,46.59,460740.0
2017-01-06,47.49,47.11,47.58,46.88,252890.0
2017-01-09,48.4,47.7,48.96,47.66,580320.0
2017-01-10,48.21,48.18,48.69,47.74,680620.0
2017-01-11,48.79,48.34,48.96,48.08,460640.0
2017-01-12,48.09,48.77,48.77,47.35,439140.0
2017-01-13,48.72,48.3,49.29,48.3,505680.0
2017-01-17,47.9,48.48,48.48,47.4,492840.0
2017-01-18,48.07,48.25,48.78,47.8,370590.0
2017-01-19,47.88,48.36,48.4,47.45,377220.0
2017-01-20,49.19,47.89,49.21,47.83,472090.0
2017-01-23,49.89,48.95,50.06,48.8,792810.0
2017-01-24,50.32,50.08,50.81,49.85,561750.0
2017-01-25,50.01,50.81,50.97,49.77,375320.0
2017-01-26,48.62,50.19,50.28,48.46,576930.0
2017-01-27,49.21,48.88,49.23,48.07,636060.0
2017-01-30,47.06,48.6,48.6,46.0,1030000.0
2017-01-31,46.24,47.0,47.0,45.54,1350000.0
2017-02-01,43.93,46.15,46.27,42.52,2550000.0
2017-02-02,44.32,43.61,44.53,42.88,1220000.0
2017-02-03,45.99,45.22,47.45,44.87,2080000.0
2017-02-06,44.6,47.73,47.73,44.54,1050000.0
2017-02-07,45.4,44.93,45.58,44.58,669050.0
2017-02-08,45.26,45.33,45.34,44.25,1690000.0
2017-02-09,51.32,48.85,52.03,47.9,3790000.0
2017-02-10,52.33,51.43,52.4,50.68,1020000.0
2017-02-13,51.84,52.46,52.89,51.84,844590.0
2017-02-14,52.2,51.57,52.31,50.8,699820.0
2017-02-15,52.79,51.94,52.91,51.87,548670.0
2017-02-16,52.42,52.91,52.92,51.8,623880.0
2017-02-17,53.38,52.19,53.46,52.07,652850.0
2017-02-21,53.11,53.15,53.41,52.82,577270.0
2017-02-22,53.55,53.0,53.68,52.66,421970.0
2017-02-23,54.06,53.84,54.08,53.31,650280.0
2017-02-24,55.3,53.35,55.31,53.0,1150000.0
2017-02-27,54.71,55.29,55.41,54.13,746030.0
2017-02-28,53.83,54.41,54.85,53.68,726270.0
2017-03-01,55.71,54.5,56.11,54.4,866400.0
2017-03-02,55.2,55.54,55.88,54.71,490260.0
2017-03-03,56.5,55.58,56.56,55.48,1100000.0
2017-03-06,56.67,55.99,56.84,55.79,561460.0
2017-03-07,56.75,56.4,57.31,56.36,670940.0
2017-03-08,56.03,56.97,57.22,55.79,410920.0
2017-03-09,55.85,55.91,56.14,55.28,301520.0
2017-03-10,56.18,56.25,56.61,55.48,501630.0
2017-03-13,56.46,56.37,56.5,55.6,527320.0
2017-03-14,56.06,56.29,56.29,55.26,372910.0
2017-03-15,56.31,56.34,56.39,55.78,450100.0
2017-03-16,56.59,56.54,56.71,56.01,362480.0
2017-03-17,56.47,56.78,56.8,56.06,734600.0
2017-03-20,56.44,57.0,57.12,56.02,484560.0
2017-03-21,54.87,56.74,56.95,54.78,526140.0
2017-03-22,55.28,54.86,55.39,54.14,660690.0
2017-03-23,54.09,55.23,55.23,53.7,679440.0
2017-03-24,54.94,54.5,55.29,54.21,388270.0
2017-03-27,55.87,54.42,56.06,53.73,470400.0
2017-03-28,56.48,56.19,56.77,55.75,463740.0
2017-03-29,56.97,56.65,57.27,56.48,347550.0
2017-03-30,57.19,56.84,57.46,56.45,431050.0
2017-03-31,57.51,57.07,57.72,56.84,517760.0
2017-04-03,57.79,57.76,58.35,57.35,452590.0
2017-04-04,58.02,57.66,58.21,57.44,512760.0
2017-04-05,57.24,58.12,58.81,57.09,680200.0
2017-04-06,57.9,57.36,58.03,57.11,537720.0
2017-04-07,57.85,57.93,58.5,57.71,524410.0
2017-04-10,57.4,57.92,58.16,57.24,352600.0
2017-04-11,57.96,57.4,58.31,57.4,336890.0
2017-04-12,57.87,57.96,58.35,57.59,325920.0
2017-04-13,57.74,57.8,58.87,57.67,286860.0
2017-04-17,58.33,57.85,58.38,57.71,277220.0
2017-04-18,59.04,58.05,59.1,58.01,305580.0
2017-04-19,59.44,59.27,60.11,59.0,514820.00000000006
2017-04-20,59.49,59.82,59.9,58.9,682650.0
2017-04-21,59.28,59.46,59.56,58.92,650910.0
2017-04-24,60.02,60.48,60.48,59.89,535030.0
2017-04-25,60.5,60.34,61.2,60.28,566570.0
2017-04-26,59.97,60.77,60.94,59.92,415140.0
2017-04-27,60.45,60.18,60.59,59.9,348190.0
2017-04-28,60.25,60.5,60.75,59.85,471360.0
2017-05-01,60.76,60.59,60.93,59.88,518179.99999999994
2017-05-02,60.52,60.95,61.05,60.06,806550.0
2017-05-03,63.3,63.11,63.5,60.83,1880000.0
2017-05-04,63.58,63.56,64.67,63.5,1220000.0
2017-05-05,64.72,63.69,64.95,63.69,835610.0
2017-05-08,65.12,64.72,65.3,64.41,743900.0
2017-05-09,64.47,65.19,65.39,64.46,651580.0
2017-05-10,64.45,64.4,65.28,64.4,850870.0
2017-05-11,64.08,64.28,64.45,63.73,541740.0
2017-05-12,65.01,64.35,65.08,64.13,777390.0
2017-05-15,65.41,65.29,65.72,64.95,671110.0
2017-05-16,65.57,65.76,65.76,64.78,659700.0
2017-05-17,63.2,64.8,64.9,62.87,853050.0
2017-05-18,64.22,62.77,64.6,62.21,708950.0
2017-05-19,64.89,64.71,65.2,64.29,673180.0
2017-05-22,65.0,65.07,65.39,64.64,524140.0
2017-05-23,64.6,65.36,65.64,64.33,421000.0
2017-05-24,65.09,64.84,65.19,64.58,390180.0
2017-05-25,65.91,65.48,66.88,65.18,521620.0
2017-05-26,65.96,65.78,66.37,65.57,314060.0
2017-05-30,66.08,66.0,66.65,65.69,320990.0
2017-05-31,65.44,66.18,66.41,64.92,464030.0
2017-06-01,67.11,65.66,67.11,65.04,531370.0
2017-06-02,67.87,67.27,68.12,66.47,493540.0
2017-06-05,68.32,67.87,68.49,67.62,397500.0
2017-06-06,68.15,68.18,68.96,67.98,583560.0
2017-06-07,68.64,68.3,68.94,68.01,430690.0
2017-06-08,69.01,68.68,69.18,68.02,425780.0
2017-06-09,65.56,69.18,69.65,64.14,1120000.0
2017-06-12,66.57,64.99,66.89,62.16,1050000.0
2017-06-13,67.5,67.48,67.78,66.01,518500.0
2017-06-14,66.58,67.83,68.27,65.67,427790.0
2017-06-15,68.04,65.52,68.07,64.8,644960.0
2017-06-16,69.36,67.76,69.74,67.67,1210000.0
2017-06-19,70.84,70.06,71.08,69.38,982020.0
2017-06-20,70.35,70.84,72.8,70.08,959680.0
2017-06-21,71.58,70.81,71.94,70.8,567470.0
2017-06-22,71.79,71.73,72.15,71.15,568270.0
2017-06-23,73.03,71.85,73.61,71.59,1070000.0
2017-06-26,71.77,73.56,73.6,71.31,603190.0
2017-06-27,69.41,71.6,71.95,69.37,614080.0
2017-06-28,69.72,69.62,70.17,68.54,712690.0
2017-06-29,67.54,69.37,69.52,66.69,793970.0
2017-06-30,68.41,67.76,69.16,67.53,522179.99999999994
2017-07-03,65.99,68.59,68.59,65.68,420940.0
2017-07-05,66.72,66.1,67.55,66.1,510430.0
2017-07-06,66.42,66.28,66.95,65.9,312590.0
2017-07-07,67.64,66.61,67.89,66.58,335770.0
2017-07-10,67.09,67.25,67.77,66.55,478860.0
2017-07-11,68.23,67.0,68.54,67.0,406820.0
2017-07-12,69.8,68.88,70.35,68.81,556320.0
2017-07-13,68.48,69.98,70.3,68.26,533860.0
2017-07-14,68.74,68.64,69.23,68.31,318400.0
2017-07-17,69.0,68.92,69.42,68.68,443830.0
2017-07-18,69.37,68.8,69.88,68.5,433880.0
2017-07-19,69.59,69.63,70.26,69.54,332310.0
2017-07-20,70.05,69.75,70.17,69.27,270060.0
2017-07-21,69.64,70.2,70.21,69.41,281640.0
2017-07-24,71.7,69.8,71.96,69.74,354540.0
2017-07-25,70.98,71.7,71.83,70.83,281380.0
2017-07-26,70.77,71.34,71.76,70.6,339960.0
2017-07-27,69.26,70.95,71.62,68.41,616240.0
2017-07-28,70.46,68.96,71.16,68.85,479140.0
2017-07-31,70.09,70.5,70.94,69.73,431480.0
2017-08-01,71.19,70.74,71.7,69.73,1000000.0
2017-08-02,68.11,72.5,72.63,64.5,2790000.0
2017-08-03,69.39,68.25,69.77,68.15,717360.0
2017-08-04,69.48,69.44,70.38,69.2,568570.0
2017-08-07,69.99,69.2,70.35,69.0,459300.0
2017-08-08,69.9,69.79,70.71,69.23,339300.0
2017-08-09,69.53,69.19,70.57,69.16,437740.0
2017-08-10,68.12,69.0,69.5,67.87,581180.0
2017-08-11,68.96,67.64,69.15,67.34,365990.0
2017-08-14,71.03,69.6,71.1,69.6,355410.0
2017-08-15,71.53,71.09,71.97,70.34,350580.0
2017-08-16,71.41,71.55,72.06,71.18,275360.0
2017-08-17,70.45,71.0,72.04,70.38,341780.0
2017-08-18,70.25,70.02,70.82,69.74,329060.0
2017-08-21,71.27,70.22,71.45,70.0,281790.0
2017-08-22,73.84,71.63,74.08,71.63,579480.0
2017-08-23,73.98,73.22,74.82,72.55,669020.0
2017-08-24,73.46,74.39,74.63,72.89,433660.0
2017-08-25,72.77,73.77,74.44,72.71,261579.99999999997
2017-08-28,72.74,73.0,73.11,71.9,399150.0
2017-08-29,71.93,71.91,72.56,71.4,521090.00000000006
2017-08-30,73.35,72.0,73.57,71.78,419960.0
2017-08-31,74.61,73.54,74.69,73.54,398440.0
2017-09-01,74.77,74.7,75.57,74.52,548490.0
2017-09-05,74.65,74.5,75.41,73.75,325440.0
2017-09-06,73.29,74.83,74.92,72.91,389260.0
2017-09-07,73.86,73.73,74.62,73.3,319960.0
2017-09-08,73.63,73.87,74.18,73.31,255430.0
2017-09-11,75.27,74.16,75.5,73.93,368870.0
2017-09-12,74.73,75.27,75.3,74.02,336580.0
2017-09-13,74.92,74.99,75.22,74.6,261529.99999999997
2017-09-14,74.96,74.75,75.09,74.22,275560.0
2017-09-15,74.79,74.99,75.2,74.52,739690.0
2017-09-18,75.08,74.96,75.44,74.8,301060.0
2017-09-19,74.78,75.25,75.27,74.62,239210.0
2017-09-20,74.82,74.78,75.06,74.13,185280.0
2017-09-21,75.79,74.8,76.31,74.1,346030.0
2017-09-22,76.08,75.56,76.75,75.36,403230.0
2017-09-25,74.22,76.05,76.22,73.04,547060.0
2017-09-26,73.45,74.69,74.69,73.02,481490.0
2017-09-27,75.01,73.54,75.66,73.48,732600.0
2017-09-28,74.75,74.88,75.12,74.29,366070.0
2017-09-29,74.96,74.71,75.19,74.38,564330.0
2017-10-02,74.82,75.01,75.89,73.61,471900.0
2017-10-03,75.05,74.82,75.98,74.6,329630.0
2017-10-04,74.46,75.02,75.27,74.08,311930.0
2017-10-05,76.03,74.73,76.07,74.11,306220.0
2017-10-06,77.79,75.93,77.89,75.5,466630.0
2017-10-09,78.21,77.8,78.86,77.58,372410.0
2017-10-10,78.41,78.37,78.97,77.67,425230.0
2017-10-11,78.8,78.37,79.07,78.07,285750.0
2017-10-12,79.25,78.89,79.98,78.78,305400.0
2017-10-13,79.89,79.44,79.9,79.01,278140.0
2017-10-16,78.99,79.94,80.07,78.8,463970.0
2017-10-17,78.88,78.98,79.57,78.65,238290.0
2017-10-18,79.58,79.3,79.95,78.42,247830.0
2017-10-19,79.24,79.14,79.5,78.21,285060.0
2017-10-20,80.07,79.93,80.55,79.58,255270.0
2017-10-23,79.48,80.22,80.4,79.36,186650.0
2017-10-24,80.07,79.5,80.28,79.5,220640.0
2017-10-25,79.77,79.99,80.77,79.27,220260.0
2017-10-26,80.98,80.05,81.21,79.88,279100.0
2017-10-27,82.01,81.63,82.52,81.0,436530.0
2017-10-30,80.13,82.0,82.0,79.66,626740.0
2017-10-31,82.2,81.09,82.59,80.75,1000000.0
2017-11-01,77.3,78.91,78.91,74.35,2690000.0
2017-11-02,79.27,77.3,79.9,77.0,790320.0
2017-11-03,80.29,79.25,80.77,77.87,533390.0
2017-11-06,81.87,81.59,83.11,81.44,577360.0
2017-11-07,79.87,82.07,82.49,79.72,680330.0
2017-11-08,79.41,79.74,80.09,78.91,684230.0
2017-11-09,78.48,78.68,79.06,77.58,565900.0
2017-11-10,78.9,78.58,79.25,78.07,607780.0
2017-11-13,79.48,78.62,79.83,77.63,442300.0
2017-11-14,79.89,79.28,79.9,78.75,261329.99999999997
2017-11-15,78.5,79.35,79.36,77.95,329920.0
2017-11-16,81.43,78.79,82.1,78.79,814830.0
2017-11-17,81.99,81.42,82.2,80.81,551250.0
2017-11-20,83.44,82.53,83.67,82.22,739790.0
2017-11-21,85.14,84.14,85.4,84.0,996750.0
2017-11-22,84.78,85.27,85.3,83.71,388510.0
2017-11-24,85.59,85.02,85.87,85.02,218240.0
2017-11-27,84.13,85.66,86.1,84.02,537350.0
2017-11-28,84.53,84.22,84.59,83.55,530460.0
2017-11-29,80.85,84.71,84.73,79.7,815740.0
2017-11-30,82.0,81.58,82.25,80.54,449550.0
2017-12-01,80.53,81.68,82.15,76.52,691730.0
2017-12-04,76.66,81.57,81.71,76.59,844310.0
2017-12-05,76.26,76.18,77.71,75.39,1100000.0
2017-12-06,77.05,75.77,77.67,75.58,604910.0
2017-12-07,78.27,77.05,78.74,77.02,493620.0
2017-12-08,78.66,79.0,79.63,78.54,544700.0
2017-12-11,79.54,78.86,80.11,78.54,564420.0
2017-12-12,77.92,79.35,80.27,77.87,440940.0
2017-12-13,79.45,78.06,79.74,78.06,471690.0
2017-12-14,79.57,79.85,80.48,79.47,285930.0
2017-12-15,81.34,79.77,81.52,78.92,597180.0
2017-12-18,82.77,82.45,83.81,81.62,500570.0
2017-12-19,82.51,82.56,83.84,82.25,494000.0
2017-12-20,82.33,82.86,83.06,81.28,403560.0
2017-12-21,81.66,82.38,82.62,81.33,301680.0
2017-12-22,80.72,81.64,81.64,80.43,293460.0
2017-12-26,80.71,80.26,81.05,79.51,203610.0
2017-12-27,81.28,80.85,81.84,80.52,252310.0
2017-12-28,80.75,81.22,81.22,80.41,211570.0
2017-12-29,80.33,80.75,81.02,80.02,338850.0
2018-01-02,80.44,80.47,80.51,79.18,544070.0
2018-01-03,81.03,80.51,82.25,80.51,317240.0
2018-01-04,83.11,81.61,83.49,81.6,461380.0
2018-01-05,83.88,84.0,84.55,83.23,360890.0
2018-01-08,84.64,83.9,84.96,83.25,376980.0
2018-01-09,84.72,85.0,85.26,84.33,374080.0
2018-01-10,84.38,84.25,85.04,83.75,350720.0
2018-01-11,84.5,84.52,85.39,83.75,874280.0
2018-01-12,88.75,85.16,89.37,85.07,1250000.0
2018-01-16,86.95,90.0,90.92,86.63,914900.0
2018-01-17,88.35,87.94,88.71,87.08,465060.0
2018-01-18,89.12,88.53,89.9,87.55,605240.0
2018-01-19,91.19,89.37,91.79,89.04,773310.0
2018-01-22,92.31,91.33,92.81,90.57,1120000.0
2018-01-23,91.98,93.21,93.61,91.96,913290.0
2018-01-24,90.57,92.44,92.77,90.25,1440000.0
2018-01-25,89.89,91.04,91.27,89.55,489770.0
2018-01-26,92.94,90.76,93.09,90.25,808260.0
2018-01-29,92.65,92.97,93.36,91.51,516240.0
2018-01-30,91.4,91.3,93.0,90.63,504120.0
2018-01-31,91.64,92.01,93.2,90.85,529850.0
2018-02-01,90.17,91.24,92.12,89.94,530320.0
2018-02-02,88.55,89.59,89.99,88.1,942820.0
2018-02-05,84.07,87.3,88.86,83.48,1180000.0
2018-02-06,86.61,82.01,87.44,80.68,1460000.0
2018-02-07,84.5,86.88,88.0,81.6,2009999.9999999998
2018-02-08,82.9,85.42,85.71,82.7,1150000.0
2018-02-09,83.35,84.01,84.72,80.39,1340000.0
2018-02-12,84.51,84.13,85.16,83.4,952470.0
2018-02-13,88.9,85.35,89.23,84.76,1010000.0
2018-02-14,92.08,88.48,92.6,88.22,1320000.0
2018-02-15,95.01,92.85,95.65,91.53,915290.0
2018-02-16,94.9,94.99,96.59,94.51,1070000.0
2018-02-20,95.76,94.25,97.11,93.0,722620.0
2018-02-21,95.62,96.01,97.56,95.59,599110.0
2018-02-22,96.11,95.84,96.97,95.28,362740.0
2018-02-23,98.42,96.86,98.43,96.03,422400.0
2018-02-26,99.49,99.0,99.95,98.56,529440.0
2018-02-27,99.62,99.5,101.19,99.2,724340.0
2018-02-28,98.92,99.61,101.43,98.88,457120.0
2018-03-01,98.76,99.26,99.85,96.66,659210.0
2018-03-02,102.51,97.56,102.71,96.92,718150.0
2018-03-05,104.32,102.29,105.05,101.81,772230.0
2018-03-06,105.86,104.91,106.4,103.78,649630.0
2018-03-07,107.5,105.1,108.17,104.77,622430.0
2018-03-08,109.34,108.43,109.73,107.68,496440.0
2018-03-09,109.96,110.0,110.25,108.21,657830.0
2018-03-12,110.2,110.0,111.34,108.92,460270.0
2018-03-13,109.52,110.99,111.42,108.74,498070.0
2018-03-14,111.25,110.36,112.2,109.38,375740.0
2018-03-15,109.82,111.3,111.41,108.62,505220.0
2018-03-16,109.98,109.8,110.38,108.35,932590.0
2018-03-19,108.04,109.22,109.91,106.16,593980.0
2018-03-20,111.1,108.06,111.67,107.77,396720.0
2018-03-21,113.01,111.1,113.93,110.5,637950.0
2018-03-22,110.73,111.63,112.71,109.85,629140.0
2018-03-23,106.79,109.03,111.53,106.62,1260000.0
2018-03-26,113.86,109.03,114.14,108.79,1020000.0
2018-03-27,107.62,114.77,115.48,106.76,951040.0
2018-03-28,105.18,107.45,108.0,103.84,1100000.0
2018-03-29,107.39,105.46,109.0,104.92,894170.0
2018-04-02,103.88,106.31,107.6,102.0,841590.0
2018-04-03,104.77,104.78,105.66,103.19,601490.0
2018-04-04,107.87,101.57,108.26,101.55,470420.0
2018-04-05,108.6,109.03,110.13,107.95,557090.0
2018-04-06,107.18,107.56,109.25,106.37,579160.0
2018-04-09,107.79,108.32,110.24,107.68,509850.0
2018-04-10,111.04,109.95,111.57,108.2,438230.0
2018-04-11,112.27,110.81,113.72,110.61,443420.0
2018-04-12,111.46,111.27,112.62,110.54,590860.0
2018-04-13,109.96,112.5,113.05,108.83,744210.0
2018-04-16,112.01,111.0,112.52,109.57,552770.0
2018-04-17,116.03,112.94,117.0,112.78,987540.0
2018-04-18,117.62,116.76,118.45,115.05,680880.0
2018-04-19,116.76,116.8,117.69,115.6,435220.0
2018-04-20,115.76,116.17,116.71,114.37,683440.0
2018-04-23,114.07,115.45,115.76,113.71,757750.0
2018-04-24,110.55,114.92,116.63,109.41,1130000.0
2018-04-25,110.78,110.55,110.91,107.45,617990.0
2018-04-26,113.4,112.09,114.21,111.26,447520.0
2018-04-27,113.49,114.4,114.47,111.55,490120.0
2018-04-30,114.21,114.23,115.99,113.55,752130.0
2018-05-01,112.59,114.0,114.0,110.92,1700000.0
2018-05-02,104.38,104.94,108.85,103.0,2210000.0
2018-05-03,105.12,104.78,105.7,101.1,1020000.0
2018-05-04,107.29,104.86,108.36,104.04,590950.0
2018-05-07,108.32,107.52,109.12,106.89,521049.99999999994
2018-05-08,108.97,108.32,109.36,107.43,324510.0
2018-05-09,109.0,109.0,109.58,107.75,493680.0
2018-05-10,109.52,109.47,110.78,108.93,570440.0
2018-05-11,107.38,109.63,109.81,107.23,833560.0
2018-05-14,102.01,107.5,108.21,101.61,1610000.0
2018-05-15,101.57,101.23,102.19,100.28,852560.0
2018-05-16,101.67,101.83,102.89,100.58,870440.0
2018-05-17,101.69,101.67,102.88,101.01,942190.0
2018-05-18,103.52,101.63,103.82,101.38,586700.0
2018-05-21,102.7,104.26,104.81,102.23,519890.0
2018-05-22,100.93,102.78,103.26,100.88,581270.0
2018-05-23,101.78,100.12,101.82,98.01,711860.0
2018-05-24,103.05,102.06,103.92,101.38,543880.0
2018-05-25,104.02,102.8,104.96,102.56,676300.0
2018-05-29,104.05,103.13,104.8,103.0,490430.0
2018-05-30,105.02,105.09,107.38,104.92,514600.0
2018-05-31,105.47,104.99,106.85,104.4,663070.0
2018-06-01,105.57,105.99,106.56,104.39,658980.0
2018-06-04,107.92,105.67,108.38,105.67,773600.0
2018-06-05,109.86,107.92,110.49,107.88,631790.0
2018-06-06,109.44,109.86,110.24,108.6,552830.0
2018-06-07,103.04,109.5,109.6,102.25,906430.0
2018-06-08,105.47,103.09,105.5,102.5,670110.0
2018-06-11,106.64,105.77,106.9,105.56,438190.0
2018-06-12,110.45,107.01,110.86,107.01,780290.0
2018-06-13,111.72,110.01,113.75,110.01,1020000.0
2018-06-14,113.67,112.1,114.9,112.1,882270.0
2018-06-15,112.62,113.1,113.55,110.28,784980.0
2018-06-18,114.13,112.34,115.19,111.24,746710.0
2018-06-19,113.68,113.08,113.89,109.61,813130.0
2018-06-20,112.65,113.93,115.54,112.48,758860.0
2018-06-21,109.83,113.13,113.36,108.44,850140.0
2018-06-22,107.22,109.9,110.06,106.08,5210000.0
2018-06-25,100.44,106.68,106.88,99.57,1750000.0
2018-06-26,101.66,101.01,102.77,100.69,1030000.0
2018-06-27,97.27,102.3,103.16,97.06,988850.0
2018-06-28,100.03,96.78,100.62,96.44,754030.0
2018-06-29,98.83,100.4,101.59,98.7,781710.0
2018-07-02,101.24,97.89,101.35,97.19,631640.0
2018-07-03,100.67,101.5,102.0,99.91,326410.0
2018-07-05,101.37,101.35,102.05,100.21,667770.0
2018-07-06,103.48,101.74,103.82,100.91,374850.0
2018-07-09,104.87,104.25,105.07,102.25,593010.0
2018-07-10,105.54,105.07,106.11,103.85,459880.0
2018-07-11,106.94,104.45,107.65,104.45,574080.0
2018-07-12,110.51,107.72,110.8,107.38,793430.0
2018-07-13,110.19,110.52,111.18,109.22,417370.0
2018-07-16,109.82,110.29,110.94,109.31,286570.0
2018-07-17,110.73,108.72,111.52,107.54,406460.0
2018-07-18,111.13,110.85,111.44,109.78,444070.0
2018-07-19,111.56,111.87,112.67,110.51,465450.0
2018-07-20,111.76,111.97,112.43,111.37,426800.0
2018-07-23,112.75,111.73,113.1,110.15,415500.0
2018-07-24,109.88,113.29,113.91,108.83,567670.0
2018-07-25,112.61,109.6,112.97,109.6,438030.0
2018-07-26,112.68,111.75,113.53,110.03,464630.0
2018-07-27,108.01,112.87,113.11,106.05,722260.0
2018-07-30,103.12,107.76,108.01,102.47,770260.0
2018-07-31,106.25,103.89,106.47,100.87,1760000.0
2018-08-01,125.94,116.05,128.0,115.0,4370000.0
2018-08-02,135.03,125.17,135.85,125.13,2140000.0
2018-08-03,132.82,135.0,135.5,130.74,1880000.0
2018-08-06,134.48,133.04,135.2,132.55,857840.0
2018-08-07,134.4,135.02,136.8,133.41,600610.0
2018-08-08,134.84,134.88,136.3,133.15,457440.0
2018-08-09,133.85,134.87,136.16,133.71,534630.0
2018-08-10,135.76,133.09,136.13,132.52,639090.0
2018-08-13,134.6,135.59,136.86,134.08,398730.0
2018-08-14,137.9,135.22,138.18,132.6,623130.0
2018-08-15,135.58,136.37,138.33,134.19,714130.0
2018-08-16,138.26,137.0,138.69,135.67,827420.0
2018-08-17,139.87,138.02,140.37,136.7,754730.0
2018-08-20,141.61,139.96,142.04,138.2,685590.0
2018-08-21,144.05,141.66,145.0,141.62,828810.0
2018-08-22,145.35,142.74,145.74,142.24,554050.0
2018-08-23,146.25,145.97,148.32,145.37,505070.0
2018-08-24,150.94,146.84,150.95,146.69,840270.0
2018-08-27,151.47,152.0,153.6,150.5,650420.0
2018-08-28,152.34,152.18,152.97,149.48,721570.0
2018-08-29,153.93,152.41,154.32,152.32,417160.0
2018-08-30,152.79,152.75,154.4,152.07,529190.0
2018-08-31,155.12,152.02,155.13,150.93,461940.0
2018-09-04,156.22,155.52,156.99,154.01,549740.0
2018-09-05,148.42,155.17,155.53,146.4,932810.0
2018-09-06,152.04,149.02,152.63,147.86,745470.0
2018-09-07,155.9,151.0,156.25,150.0,786350.0
2018-09-10,156.98,156.66,157.47,154.14,650050.0
2018-09-11,159.0,156.84,159.85,156.47,695840.0
2018-09-12,158.86,159.51,159.75,155.84,607670.0
2018-09-13,162.09,159.94,162.72,159.71,656450.0
2018-09-14,163.32,162.1,164.08,161.67,517909.99999999994
2018-09-17,157.4,163.01,163.32,156.5,670970.0
2018-09-18,157.69,157.57,159.5,157.15,696580.0
2018-09-19,153.63,157.44,158.52,152.19,806430.0
2018-09-20,153.48,154.1,155.9,151.3,1130000.0
2018-09-21,153.65,154.14,155.02,152.63,831450.0
2018-09-24,154.97,152.72,156.11,150.71,501410.0
2018-09-25,159.02,155.88,159.74,155.1,642940.0
2018-09-26,154.77,156.28,157.13,153.28,511890.0
2018-09-27,154.98,155.51,157.25,154.53,353560.0
2018-09-28,155.41,154.48,157.19,154.28,383510.0
2018-10-01,150.8,154.26,157.45,150.51,848990.0
2018-10-02,146.92,150.34,151.69,146.2,728490.0
2018-10-03,147.6,148.44,149.81,146.01,750380.0
2018-10-04,140.7,147.23,147.66,138.5,1350000.0
2018-10-05,139.05,140.17,143.44,135.2,945000.0
2018-10-08,134.77,138.15,138.5,131.37,803390.0
2018-10-09,134.8,133.87,137.4,132.0,570930.0
2018-10-10,128.56,133.93,135.38,125.72,1620000.0
2018-10-11,126.12,127.5,133.64,125.33,1320000.0
2018-10-12,130.88,132.23,133.46,126.86,964830.0
2018-10-15,129.84,130.8,131.8,128.0,602290.0
2018-10-16,136.06,132.0,136.35,131.59,621700.0
2018-10-17,136.51,137.86,137.99,133.57,656990.0
2018-10-18,133.64,135.25,136.45,131.38,563490.0
2018-10-19,130.92,134.89,136.13,130.42,837170.0
2018-10-22,133.76,131.24,135.13,130.56,512220.0
2018-10-23,131.8,130.02,132.86,128.25,743330.0
2018-10-24,123.48,131.59,133.24,123.32,745110.0
2018-10-25,127.38,124.45,129.55,124.15,738140.0
2018-10-26,124.06,122.84,127.71,120.0,960500.0
2018-10-29,123.87,127.92,129.32,121.74,1060000.0
2018-10-30,129.59,122.23,130.4,122.0,1800000.0
2018-10-31,125.2,124.73,131.23,120.1,2250000.0
2018-11-01,125.49,125.32,125.98,122.0,1070000.0
2018-11-02,125.12,126.65,129.56,123.82,910360.0
2018-11-05,124.23,125.09,125.59,122.0,829410.0
2018-11-06,123.16,124.22,126.9,122.33,495110.0
2018-11-07,128.23,125.35,130.03,124.46,723200.0
2018-11-08,127.33,128.35,129.13,125.52,550840.0
2018-11-09,126.97,126.06,127.27,123.67,587450.0
2018-11-12,122.59,125.92,126.34,120.5,747090.0
2018-11-13,123.7,123.35,126.32,121.68,556450.0
2018-11-14,122.92,124.94,126.34,122.17,569710.0
2018-11-15,124.7,122.49,125.78,122.17,727000.0
2018-11-16,123.62,122.9,125.72,122.04,933070.0
2018-11-19,113.18,122.49,122.9,113.04,957790.0
2018-11-20,114.0,110.0,114.71,107.46,1180000.0
2018-11-21,120.04,116.34,120.82,115.0,707590.0
2018-11-23,119.15,118.6,121.6,118.2,404730.0
2018-11-26,122.83,121.9,123.26,120.28,517820.00000000006
2018-11-27,121.49,121.4,122.25,120.09,450360.0
2018-11-28,130.05,123.75,130.54,123.35,600680.0
2018-11-29,131.37,129.37,133.17,128.68,536450.0
2018-11-30,132.77,131.64,133.29,130.98,686960.0
2018-12-03,134.73,136.02,136.02,132.13,456750.0
2018-12-04,131.0,133.54,136.43,130.17,553370.0
2018-12-06,133.57,127.44,134.15,124.77,643690.0
2018-12-07,129.64,133.38,135.02,127.56,708670.0
2018-12-10,131.72,128.61,133.09,128.0,600370.0
2018-12-11,131.62,133.9,134.84,129.61,709550.0
2018-12-12,134.59,134.5,137.21,134.05,489420.0
2018-12-13,133.36,135.53,136.68,132.0,441470.0
2018-12-14,130.62,131.02,132.87,129.64,575540.0
2018-12-17,123.35,129.0,129.28,122.51,637510.0
2018-12-18,124.87,125.14,126.27,123.7,435040.0
2018-12-19,123.65,125.4,127.64,121.4,400900.0
2018-12-20,119.56,122.62,124.75,115.02,764510.0
2018-12-21,115.01,119.86,120.86,114.65,840370.0
2018-12-24,111.54,113.61,116.22,111.48,541720.0
2018-12-26,120.22,111.93,120.48,111.93,486730.0
2018-12-27,121.75,117.85,121.84,116.5,395570.0
2018-12-28,121.24,122.66,123.83,119.15,336370.0
2018-12-31,122.45,122.57,123.33,120.81,597900.0
2019-01-02,119.7,119.88,121.8,118.33,596930.0
2019-01-03,116.5,117.87,119.54,115.03,728670.0
2019-01-04,121.02,118.95,124.13,117.61,586170.0
2019-01-07,124.11,122.09,124.87,121.96,634830.0
2019-01-08,127.14,126.16,128.06,123.36,488130.0
2019-01-09,128.47,128.12,129.75,126.99,410200.0
2019-01-10,128.61,127.1,129.45,126.82,302910.0
2019-01-11,127.3,127.88,128.93,127.04,276150.0
2019-01-14,124.57,125.68,126.14,123.73,499170.0
2019-01-15,130.77,125.23,131.0,125.23,564870.0
2019-01-16,131.38,131.88,133.47,130.1,293440.0
2019-01-17,132.22,131.01,133.43,130.09,276750.0
2019-01-18,136.24,134.12,137.39,133.26,627380.0
2019-01-22,136.54,135.1,137.15,134.5,785380.0
2019-01-23,137.02,138.19,140.01,136.62,498630.0
2019-01-24,138.49,137.68,138.53,135.15,667950.0
2019-01-25,143.05,140.0,143.12,139.1,528610.0
2019-01-28,144.0,141.0,144.06,139.43,634900.0
2019-01-29,141.67,144.52,145.28,141.36,900780.0
2019-01-30,145.56,143.17,146.12,142.33,349880.0
2019-01-31,148.24,145.92,149.28,145.92,454370.0
2019-02-01,150.85,148.05,150.88,147.39,539700.0
2019-02-04,155.96,155.21,156.88,153.45,862490.0
2019-02-05,156.96,156.99,158.06,154.57,1030000.0
2019-02-06,169.14,170.0,179.22,166.41,2740000.0
2019-02-07,168.17,166.45,172.46,165.12,1270000.0
2019-02-08,175.96,166.77,176.2,165.98,962360.0
2019-02-11,172.21,176.52,177.36,170.07,1130000.0
2019-02-12,173.34,174.08,174.69,171.88,716070.0
2019-02-13,173.06,174.0,175.28,172.01,613290.0
2019-02-14,178.38,172.09,178.68,172.09,1180000.0
2019-02-15,182.47,179.28,182.53,177.65,728230.0
2019-02-19,179.56,181.2,182.41,179.43,657040.0
2019-02-20,177.04,179.38,182.55,175.85,801450.0
2019-02-21,178.93,176.5,180.88,176.0,480940.0
2019-02-22,184.28,180.0,184.28,179.12,678470.0
2019-02-25,181.33,186.0,186.0,179.44,562440.0
2019-02-26,180.43,180.21,181.38,178.36,458460.0
2019-02-27,182.72,180.0,182.9,179.05,245530.0
2019-02-28,181.73,182.1,183.81,181.18,205570.0
2019-03-01,181.8,183.7,183.7,179.43,380620.0
2019-03-04,177.42,182.8,183.38,171.65,902770.0
2019-03-05,178.57,177.22,178.99,174.63,389120.0
2019-03-06,175.64,178.99,178.99,173.49,658420.0
2019-03-07,176.23,175.6,179.32,175.03,495040.0
2019-03-08,178.08,172.0,178.15,169.06,481080.0
2019-03-11,181.16,178.15,182.41,178.0,776160.0
2019-03-12,182.29,181.64,183.03,180.0,556210.0
2019-03-13,181.03,183.41,184.16,180.75,446210.0
2019-03-14,183.35,180.9,184.26,180.72,662520.0
2019-03-15,181.94,183.07,183.9,180.59,604460.0
2019-03-18,181.69,182.09,183.5,179.58,467800.0
2019-03-19,183.12,182.23,184.03,181.13,474570.0
2019-03-20,181.97,183.06,185.36,180.4,426300.0
2019-03-21,190.05,181.35,190.63,181.29,906550.0
2019-03-22,181.16,189.47,190.63,180.61,748910.0
2019-03-25,183.81,179.49,184.24,174.02,610310.0
2019-03-26,185.71,186.87,188.9,184.45,477560.0
2019-03-27,182.97,185.96,186.99,178.0,520309.99999999994
2019-03-28,186.69,183.54,188.0,182.8,506610.0
2019-03-29,189.13,188.5,190.0,186.04,819150.0
2019-04-01,190.28,191.08,193.75,186.85,591740.0
2019-04-02,190.72,190.29,191.45,187.64,403000.0
2019-04-03,190.31,191.99,192.89,188.51,551120.0
2019-04-04,183.69,190.18,191.58,180.32,979310.0
2019-04-05,183.48,184.99,185.78,183.34,531230.0
2019-04-08,184.25,183.49,184.28,179.57,620510.0
2019-04-09,184.34,183.0,185.32,183.0,462310.0
2019-04-10,187.59,185.16,188.6,185.16,346110.0
2019-04-11,188.58,188.07,189.0,186.61,263910.0
2019-04-12,188.76,190.33,190.35,186.91,313420.0
2019-04-15,190.16,188.53,192.0,188.1,359400.0
2019-04-16,188.89,190.89,192.76,187.51,374800.0
2019-04-17,186.94,190.41,191.6,185.44,498500.0
2019-04-18,188.95,187.01,190.13,182.62,797290.0
2019-04-22,190.19,188.13,191.66,188.09,374660.0
2019-04-23,194.62,191.4,195.82,191.4,712340.0
2019-04-24,192.6,194.87,196.41,191.7,1040000.0
2019-04-25,196.54,194.64,197.33,191.59,513530.0
2019-04-26,200.07,196.56,200.78,196.04,682090.0
2019-04-29,198.04,201.08,202.6,196.09,760840.0
2019-04-30,202.53,197.0,203.04,196.45,993520.0
2019-05-01,201.46,203.2,203.2,194.0,1260000.0
2019-05-02,201.47,201.65,206.89,199.59,931770.0
2019-05-03,206.89,202.03,207.15,201.35,891780.0
2019-05-06,207.46,204.03,208.21,202.51,884220.0
2019-05-07,201.9,205.97,208.02,200.72,821510.0
2019-05-08,204.75,201.54,206.2,200.69,562270.0
2019-05-09,207.89,202.87,209.92,201.31,747910.0
2019-05-10,208.39,206.87,210.55,202.8,692220.0
2019-05-13,197.25,203.26,204.5,196.98,943480.0
2019-05-14,203.28,199.7,204.17,197.41,717990.0
2019-05-15,204.39,201.84,205.67,200.33,669000.0
2019-05-16,212.05,205.45,214.93,205.07,923580.0
2019-05-17,210.75,210.37,215.38,209.65,619080.0
2019-05-20,207.29,208.5,209.89,203.78,716310.0
2019-05-21,213.55,209.81,214.35,209.12,730110.0
2019-05-22,213.07,212.82,215.65,212.8,435850.0
2019-05-23,206.77,210.2,210.21,203.28,616430.0
2019-05-24,208.23,207.46,210.91,207.07,511640.0
2019-05-28,208.19,208.1,212.7,206.39,2820000.0
2019-05-29,206.05,207.0,208.36,203.18,655600.0
2019-05-30,209.14,207.11,209.34,205.86,525840.0
2019-05-31,212.1,206.64,212.58,206.22,1200000.0
2019-06-03,197.34,211.3,213.61,194.84,1290000.0
2019-06-04,209.02,199.08,209.15,197.85,1000000.0
2019-06-05,216.77,211.55,216.77,209.28,737830.0
2019-06-06,219.21,216.77,220.92,213.17,620690.0
2019-06-07,222.45,220.34,223.89,219.79,674920.0
2019-06-10,221.91,227.41,230.9,221.37,1080000.0
2019-06-11,213.83,222.37,223.79,210.01,927840.0
2019-06-12,214.0,214.1,214.65,210.5,657360.0
2019-06-13,218.76,214.23,218.76,212.77,552630.0
2019-06-14,214.34,218.71,218.84,213.76,404890.0
2019-06-17,219.52,215.27,220.44,215.03,619730.0
2019-06-18,222.42,221.69,226.0,221.22,523090.00000000006
2019-06-19,225.89,222.61,225.89,220.34,716590.0
2019-06-20,230.15,230.0,233.43,227.0,956570.0
2019-06-21,228.25,229.96,231.19,227.22,1130000.0
2019-06-24,225.75,228.34,229.97,224.22,584440.0
2019-06-25,218.35,226.19,226.61,216.95,793440.0
2019-06-26,216.82,220.31,222.18,216.66,662100.0
2019-06-27,224.56,218.71,224.73,217.77,476130.0
2019-06-28,226.72,225.33,226.83,221.71,709300.0
2019-07-01,227.0,230.62,232.18,226.19,647410.0
2019-07-02,232.92,227.0,233.07,225.74,650860.0
2019-07-03,235.74,234.94,237.39,233.59,419090.0
2019-07-05,239.3,234.5,239.33,232.12,320740.0
2019-07-08,239.06,237.68,241.15,236.4,500800.0
2019-07-09,239.92,238.89,242.09,238.2,746370.0
2019-07-10,244.47,241.65,245.38,241.33,608900.0
2019-07-11,243.87,245.0,246.85,242.28,522559.99999999994
2019-07-12,243.64,244.34,245.67,242.18,437950.0
2019-07-15,243.38,243.96,245.66,242.75,399040.0
2019-07-16,239.97,243.77,244.84,239.17,556630.0
2019-07-17,242.41,240.42,244.31,240.16,398760.0
2019-07-18,242.05,241.59,242.68,237.6,610890.0
2019-07-19,232.81,239.1,242.6,232.4,624590.0
2019-07-22,233.93,233.41,236.12,231.56,497580.0
2019-07-23,231.89,234.9,235.58,230.04,393660.0
2019-07-24,235.13,231.21,235.81,228.68,464870.0
2019-07-25,235.12,234.12,237.31,232.56,404410.0
2019-07-26,235.2,237.38,238.98,234.56,548930.0
2019-07-29,229.61,235.56,236.67,223.74,732580.0
2019-07-30,228.62,227.12,229.91,225.88,882270.0
2019-07-31,240.75,243.69,246.04,235.06,1910000.0
2019-08-01,237.88,240.62,242.8,235.02,878300.0
2019-08-02,236.52,234.86,238.63,233.18,507170.0
2019-08-05,221.17,228.03,228.43,216.55,1060000.0
2019-08-06,225.31,225.5,228.28,224.1,677670.0
2019-08-07,231.2,225.14,232.5,222.02,588170.0
2019-08-08,240.47,232.45,241.24,232.45,650760.0
2019-08-09,240.62,239.11,242.31,236.47,432290.0
2019-08-12,239.1,238.66,242.34,236.3,261850.00000000003
2019-08-13,243.58,238.72,244.88,237.63,462120.0
2019-08-14,232.3,238.42,240.82,229.5,532690.0
2019-08-15,235.14,233.7,236.19,231.56,350720.0
2019-08-16,241.42,238.5,242.21,237.97,446320.0
2019-08-19,243.66,245.0,246.34,242.2,471300.0
2019-08-20,246.97,242.91,248.44,240.13,516419.99999999994
2019-08-21,251.9,250.0,256.84,249.48,638190.0
2019-08-22,248.6,252.08,253.51,244.86,794300.0
2019-08-23,248.91,249.58,256.57,248.58,732510.0
2019-08-26,252.68,252.06,252.87,248.5,499400.0
2019-08-27,255.1,255.45,257.57,250.25,529940.0
2019-08-28,253.23,252.63,253.74,246.01,570740.0
2019-08-29,254.1,257.99,259.71,253.49,442630.0
2019-08-30,250.12,255.52,255.98,246.11,391810.0
2019-09-03,244.27,248.2,250.32,243.62,552230.0
2019-09-04,247.88,246.72,248.96,245.99,463100.0
2019-09-05,252.69,250.2,252.75,246.36,547000.0
2019-09-06,249.62,252.97,254.53,249.0,441290.0
2019-09-09,228.72,250.14,250.14,227.0,1160000.0
2019-09-10,211.32,225.0,225.0,205.45,1730000.0
2019-09-11,206.7,211.0,212.0,203.17,992760.0
2019-09-12,212.51,208.9,215.76,208.9,883170.0
2019-09-13,209.66,212.65,213.95,208.38,636440.0
2019-09-16,211.29,207.09,213.6,206.98,578030.0
2019-09-17,215.47,212.55,216.9,212.0,583110.0
2019-09-18,216.07,214.09,217.0,211.21,710500.0
2019-09-19,219.32,215.87,220.87,215.87,711730.0
2019-09-20,215.96,219.8,222.88,214.49,1440000.0
2019-09-23,217.44,215.94,218.89,213.73,588660.0
2019-09-24,208.93,218.89,219.93,207.85,758430.0
2019-09-25,211.26,209.4,211.75,201.29,641080.0
2019-09-26,212.3,211.5,213.26,208.21,308630.0
2019-09-27,206.4,213.29,213.29,203.78,442840.0
2019-09-30,209.49,206.0,210.77,203.25,826490.0
2019-10-01,207.94,209.5,211.16,206.29,449710.0
2019-10-02,204.57,206.65,206.72,199.41,490600.0
2019-10-03,209.13,205.0,209.92,201.24,601580.0
2019-10-04,214.29,211.04,214.44,210.01,546190.0
2019-10-07,214.3,213.49,215.59,212.81,311440.0
2019-10-08,207.6,212.55,213.86,206.85,348550.0
2019-10-09,215.31,210.92,215.71,210.61,344680.0
2019-10-10,214.18,214.3,215.99,213.34,272460.0
2019-10-11,220.03,217.98,221.79,216.71,484420.0
